"Thu Apr 02 09:54:05 CEST 2015","en","@boocaprincesses","we","and","@Ariwishh","wanna","know","if","you","love","germany?","#talktoteala","@TTLYTEALA"
"Thu Apr 02 09:54:05 CEST 2015","et","@ste_bb","RT","@Calum5SOS:","Me","and","kuma","http://t.co/8FsPBjltD4"
"Thu Apr 02 09:54:05 CEST 2015","tl","@ChummySam","@RJRamoss","""Ask","RJ","Ramos""","‚ù§‚ù§üòòüòò","Rj","pwede","mo","ba","ako","ifollowback?","x144"
"Thu Apr 02 09:54:05 CEST 2015","tl","@_leahliymee","RT","@RJRamoss:","‚Äú@SophiaaaaGnzlss:","@RJRamoss","Bakit","ka","nila","tinawag","na","SAGING?","haha","üòÇ","""Ask","RJ","Ramos""","5‚Äù","mala","saging","daw","kasi.","Wtf.","Lol"
"Thu Apr 02 09:54:05 CEST 2015","en","@eleanoroakes_xo","ALFIE","IM","WATCHINGüòçüíã","#AlfieOnGrimmy","@PointlessBlog","http://t.co/PI3FDEppgL"
"Thu Apr 02 09:54:05 CEST 2015","en","@bocasflorida","@TTLYTEALA","you're","my","sunshine","&","princess,","please","wish","me","early","happy","birthday","#talktoteala","üíï"
"Thu Apr 02 09:54:05 CEST 2015","en","@FBureaucrat","RT","@sumitvserve:","If","all","men","are","rapist,","why","dnt","you","file","a","case","against","your","bother","and","father","as","they","saw","you","like","potential","victim??","#Nan‚Ä¶"
"Thu Apr 02 09:54:06 CEST 2015","et","@adorablxnarry","RT","@Calum5SOS:","Me","and","kuma","http://t.co/8FsPBjltD4"
"Thu Apr 02 09:54:06 CEST 2015","et","@NieweltS","RT","@Calum5SOS:","Me","and","kuma","http://t.co/8FsPBjltD4"
"Thu Apr 02 09:54:06 CEST 2015","tl","@superstarsugg","@PointlessBlog","Waving","At","Bae","#alfieongrimmy","http://t.co/KTqYNByKBW"
"Thu Apr 02 09:54:06 CEST 2015","tr","@umuranz","ben","sana","soruyor","muyum","kim","sikiyosun","diye","#ThingsJesusNeverSaid"
"Thu Apr 02 09:54:06 CEST 2015","en","@voidkicks","RT","@bieberftbizzle:","happy","birthday","to","the","first","belieber","and","justins","biggest","supporter","","#HappyBirthdayPattieMallette","http://t.co/aWam7du1uA"
"Thu Apr 02 09:54:06 CEST 2015","tl","@imjuliamariz","@RJRamoss","Ask","RJ","Ramos","|","Ask","RJ","Ramos
Kailan","ka","ulit","magiging","Mr.Suave?","üòÅüòÅüòÅ8"
"Thu Apr 02 09:54:06 CEST 2015","et","@maria92929292","RT","@Calum5SOS:","Me","and","kuma","http://t.co/8FsPBjltD4"
"Thu Apr 02 09:54:06 CEST 2015","tl","@eloisa_cruzz","@RJRamoss","Kelan","ka","pipili","ng","new","members?","üëÖ","||","Ask","RJ","Ramos","üíïdsfg"
"Thu Apr 02 09:54:07 CEST 2015","und","@zoellaburrbear","@PointlessBlog","#alfieongrimmy","üíû"
"Thu Apr 02 09:54:07 CEST 2015","el","@eliaslamproy","""","Œ∫ŒøœÖœÑŒπ","""",".....ŒµœÄŒµœÉŒµ","œÉœÑŒ∑","ŒùŒπŒ∫ŒøŒªŒøœÖŒªŒ∑","Œ∑","Œ£œÑŒ±ŒºŒ±œÑŒ∑","!
ŒëœÖœÅŒπŒø","ŒæŒµŒ∫ŒπŒΩŒ±","Œ∑","ŒµœÅŒµœÖŒΩŒ±","Œ±œÄ","œÑŒ∑","ŒöŒ∑œÜŒπœÉŒπŒ±","!"
"Thu Apr 02 09:54:07 CEST 2015","et","@HemmoftPlaid","RT","@Calum5SOS:","Me","and","kuma","http://t.co/8FsPBjltD4"
"Thu Apr 02 09:54:07 CEST 2015","tl","@xxmkaela","@RJRamoss","RJ","maganda","ba","si","Kathryn","Bernardo?","//","Ask","RJ","Ramos"
"Thu Apr 02 09:54:07 CEST 2015","tl","@ChummySam","@RJRamoss","""Ask","RJ","Ramos""","‚ù§‚ù§üòòüòò","Rj","pwede","mo","ba","ako","ifollowback?","x145"
"Thu Apr 02 09:54:07 CEST 2015","el","@harisstav","RT","@lamgren:","ŒíŒπŒ∫œÖ","Œ£œÑŒ±ŒºŒ±œÑŒ∑","-","ŒúŒ±Œ≥Œ∫Œ±ŒπŒ≤ŒµœÅ"
"Thu Apr 02 09:54:07 CEST 2015","et","@5SecondsFrom1D","RT","@Calum5SOS:","Me","and","kuma","http://t.co/8FsPBjltD4"
"Thu Apr 02 09:54:07 CEST 2015","et","@4580eitherosaka","RT","@Calum5SOS:","Me","and","kuma","http://t.co/8FsPBjltD4"
"Thu Apr 02 09:54:08 CEST 2015","pl","@ifellforhim","RT","@BIEBERCHUJE:","dziƒôki","tej","kobiecie","mam","najwspanialszego","idola","na","ziemi","#HappyBirthdayPattieMallette"
"Thu Apr 02 09:54:07 CEST 2015","et","@HaylzTucker","RT","@Calum5SOS:","Me","and","kuma","http://t.co/8FsPBjltD4"
"Thu Apr 02 09:54:07 CEST 2015","en","@iamjhamieee","@RJRamoss","Can","you","follow","me?|""Ask","RJ","Ramos""","x131"
"Thu Apr 02 09:54:08 CEST 2015","en","@BeverlyFolkers","RT","@RossJNicholson:","Love","thy","neighbour","as","thyself...unless","they're","gay,","transgender,","of","a","different","religion,","black...","#ThingsJesusNeverSaid"
"Thu Apr 02 09:54:08 CEST 2015","en","@belieberBiebee","RT","@BodyRockWithJB:","Happy","Birthday","to","the","most","amazing","mum","in","the","world","!","","#HappyBirthdayPattieMallette","http://t.co/qoLv3kPcBR"
"Thu Apr 02 09:54:08 CEST 2015","en","@Cromwell606","RT","@SPGOZ:","#ThingsJesusNeverSaid","","","","","","","","","","","","","","","","","","","","","","","","","","","Me","so","Thorny"
"Thu Apr 02 09:54:08 CEST 2015","et","@1599_anni","RT","@Calum5SOS:","Me","and","kuma","http://t.co/8FsPBjltD4"
"Thu Apr 02 09:54:08 CEST 2015","tl","@x33199trisha","RT","@RJRamoss:","‚Äú@krunggyyy:","@RJRamoss","Ano","ang","characteristics","ng","Ideal","girl","mo?","üòäüëëüôá","Ask","RJ","Ramos","üíï‚Äù","basta","loyal,","hindi","sinungaling","at","seryos‚Ä¶"
"Thu Apr 02 09:54:08 CEST 2015","et","@theepandaa","‚Äú@Calum5SOS:","Me","and","kuma","http://t.co/QX0RJDGjxs‚Äù"
"Thu Apr 02 09:54:08 CEST 2015","et","@justinthmiah","RT","@Calum5SOS:","Me","and","kuma","http://t.co/8FsPBjltD4"
"Thu Apr 02 09:54:08 CEST 2015","und","@tweetingsourav","@harpal28","#NanditaDasQuotes"
"Thu Apr 02 09:54:08 CEST 2015","et","@flvrofthenight","RT","@Calum5SOS:","Me","and","kuma","http://t.co/8FsPBjltD4"
"Thu Apr 02 09:54:08 CEST 2015","et","@Natalies_lame","RT","@Calum5SOS:","Me","and","kuma","http://t.co/8FsPBjltD4"
"Thu Apr 02 09:54:08 CEST 2015","et","@CrazyMofos410","RT","@Calum5SOS:","Me","and","kuma","http://t.co/8FsPBjltD4"
"Thu Apr 02 09:54:08 CEST 2015","tl","@_alxybt","@RJRamoss","Sino","mahal","mo?","|","Ask","RJ","Ramos","16"
"Thu Apr 02 09:54:08 CEST 2015","en","@LeashaMiz","""I'm","","the","messiah!","","I","set","the","microphone","on","fire""

","#ThingsJesusNeverSaid"
"Thu Apr 02 09:54:08 CEST 2015","pt","@Way5OfficialPHL","RT","@trendinaliaPI:","Trend","Alert:","'Ask","RJ","Ramos'.","More","trends","at","http://t.co/dRwxiUtCOV","#trndnl","http://t.co/uVEzKijd40"
"Thu Apr 02 09:54:09 CEST 2015","et","@BeckiMacRae14","RT","@Calum5SOS:","Me","and","kuma","http://t.co/8FsPBjltD4"
"Thu Apr 02 09:54:09 CEST 2015","en","@ThatcherMyDeyes","RT","@atomicdeyes:","#AlfieOnGrimmy","JUST","GO","TOPLESS","ALFIE"
"Thu Apr 02 09:54:09 CEST 2015","et","@httpyonce","RT","@Calum5SOS:","Me","and","kuma","http://t.co/8FsPBjltD4"
"Thu Apr 02 09:54:09 CEST 2015","et","@karenyg31","RT","@Calum5SOS:","Me","and","kuma","http://t.co/8FsPBjltD4"
"Thu Apr 02 09:54:09 CEST 2015","pl","@sensitivemendes","RT","@hakunabiebera:","TEJ","KOBIECIE","","KILKADZIESIƒÑT","MILION√ìW","DZIEWCZYN","I","NIE","TYLKO,","ZAWDZIƒòCZA","JEDEN","Z","NIEWIELU","POWOD√ìW","DO","≈ªYCIA‚ô•","","#HappyBirthda‚Ä¶"
"Thu Apr 02 09:54:09 CEST 2015","tl","@eloisa_cruzz","@RJRamoss","Kelan","ka","pipili","ng","new","members?","üëÖ","||","Ask","RJ","Ramos","üíïdsdfvcx"
"Thu Apr 02 09:54:09 CEST 2015","en","@kerry_dannymac","@PointlessBlog","can't","wait","to","see","this","dressüôÜüëó","#alfieongrimmy"
"Thu Apr 02 09:54:09 CEST 2015","en","@OopsHiJacob","@TTLYTEALA","can","you","say","""Amo","Mexico""","plz???","#talktoteala"
"Thu Apr 02 09:54:10 CEST 2015","tl","@xxibpjm","@RJRamoss","May","chance","bang","makapag","bonding","tayo?","üòäüòä","Ask","RJ","Ramos","|","Ask","RJ","Ramos","üíïüíï","x"
"Thu Apr 02 09:54:10 CEST 2015","tl","@dyosangkeyt","@RJRamoss","kelan","mo","kaya","ako","papansinin","at","ifafollowback","bae?",":(","Ask","Rj","Ramos"
"Thu Apr 02 09:54:10 CEST 2015","en","@DarriyanTweedy_","@grimmers","@PointlessBlog","will","you","be","coming","to","any","other","UK","cities","for","your","book","tour?","#alfieongrimmy"
"Thu Apr 02 09:54:10 CEST 2015","en","@reimufasa","RT","@AppleFalconio:","#ThingsJesusNeverSaid","Love","this!","http://t.co/d8nlycP6EI"
"Thu Apr 02 09:54:10 CEST 2015","en","@friendlii_ghost","RT","@ankitabardhan:","Every","guy","is","a","potential","recharge","wale","bhaiya.

#NanditaDasQuotes"
"Thu Apr 02 09:54:10 CEST 2015","en","@katamulgi","RT","@bhs7rocks:","#NanditaDasQuotes","Every","Mumbaikar","is","a","potential","@katamulgi"
"Thu Apr 02 09:54:10 CEST 2015","en","@dexternasty","Every","Indian","is","a","potential","soul","for","evangelists","","#NanditaDasQuotes"
"Thu Apr 02 09:54:10 CEST 2015","en","@bocasflorida","@TTLYTEALA","you're","my","sunshine","&","princess,","please","wish","me","early","happy","birthday","#talktoteala","üëº"
"Thu Apr 02 09:54:11 CEST 2015","en","@wangyachbharit","RT","@Being_Humor:","Every","chai","wala","is","a","potential","PM.","

#NanditaDasQuotes"
"Thu Apr 02 09:54:11 CEST 2015","en","@Katoni_Train","RT","@RossJNicholson:","Love","thy","neighbour","as","thyself...unless","they're","gay,","transgender,","of","a","different","religion,","black...","#ThingsJesusNeverSaid"
"Thu Apr 02 09:54:11 CEST 2015","tl","@crizaramoss","@RJRamoss","followback?","Ily","bae|Ask","RJ","Ramos|dhhdshs"
"Thu Apr 02 09:54:11 CEST 2015","et","@maybe_claudia","RT","@Calum5SOS:","Me","and","kuma","http://t.co/8FsPBjltD4"
"Thu Apr 02 09:54:11 CEST 2015","en","@ArcticKidrauhl","RT","@HeartbreakerT_T:","#HappyBirthdayPattieMallette","Happy","Birthday","mom","‚ò∫Ô∏èüíú","@pattiemallette","@justinbieber","@JeremyBieber","http://t.co/wo9MXsk2Cm"
"Thu Apr 02 09:54:11 CEST 2015","tl","@BienvenutoGela","@RJRamoss","@RJRamoss","""Ask","RJ","RAMOS""","Pwede","ba","akong","sumali","dun","sa","trend","team","mo?","Askxjzkak"
"Thu Apr 02 09:54:11 CEST 2015","et","@xheartbreakcam","RT","@Calum5SOS:","Me","and","kuma","http://t.co/8FsPBjltD4"
"Thu Apr 02 09:54:11 CEST 2015","en","@AnshumAn1O1","RT","@rawat3480:","Every","IIN","graduate","","is","a","potential","","","#AAPtard","","#NanditaDasQuotes"
"Thu Apr 02 09:54:11 CEST 2015","et","@AmitStylesCohen","RT","@Calum5SOS:","Me","and","kuma","http://t.co/8FsPBjltD4"
"Thu Apr 02 09:54:11 CEST 2015","en","@MayurManani","Every","controversial","statement","is","potentially","a","publicity","stunt.#NanditaDasQuotes"
"Thu Apr 02 09:54:12 CEST 2015","tl","@eloisa_cruzz","@RJRamoss","Kelan","ka","pipili","ng","new","members?","üëÖ","||","Ask","RJ","Ramos","üíïsgc"
"Thu Apr 02 09:54:12 CEST 2015","en","@akshaykanitkar","Every","Instagram","user","is","a","potential","photographer

#NanditaDasQuotes"
"Thu Apr 02 09:54:12 CEST 2015","tl","@imjuliamariz","@RJRamoss","Ask","RJ","Ramos","|","Ask","RJ","Ramos
Kailan","ka","ulit","magiging","Mr.Suave?","üòÅüòÅüòÅ9"
"Thu Apr 02 09:54:12 CEST 2015","en","@simplysmartcoin","#ThingsJesusNeverSaid","Whose","image","is","on","the","Smartcoin","?"
"Thu Apr 02 09:54:12 CEST 2015","et","@activeIouis","RT","@Calum5SOS:","Me","and","kuma","http://t.co/8FsPBjltD4"
"Thu Apr 02 09:54:12 CEST 2015","et","@yungirwxn","‚Äú@Calum5SOS:","Me","and","kuma","http://t.co/IJFqi69clY‚Äù"
"Thu Apr 02 09:54:12 CEST 2015","et","@KailaPratt","RT","@Calum5SOS:","Me","and","kuma","http://t.co/8FsPBjltD4"
"Thu Apr 02 09:54:12 CEST 2015","tl","@_ayajj","@RJRamoss","","Nakita","mo","na","ba","ang","header","ko?","Ang","gwapo","no?!","üòçüòçüòÇ","|","Ask","RJ","Ramos","|üòçüòçüòÇ"
"Thu Apr 02 09:54:12 CEST 2015","et","@NiciPiletzky","RT","@Calum5SOS:","Me","and","kuma","http://t.co/8FsPBjltD4"
"Thu Apr 02 09:54:12 CEST 2015","en","@smileybooz68","@PointlessBlog","","hi","Alfie","I","just","wanted","to","say","your","an","awesome","youtuber","and","thanks","for","always","making","me","smile","üòò","#AlfieOnGrimmy"
"Thu Apr 02 09:54:12 CEST 2015","en","@patisaumyakanta","RT","@gupta_anandi:","Every","AAPtard","is","a","potential","fool!
#NanditaDasQuotes"
"Thu Apr 02 09:54:13 CEST 2015","en","@iamjhamieee","@RJRamoss","Can","you","follow","me?|""Ask","RJ","Ramos""","x132"
"Thu Apr 02 09:54:13 CEST 2015","en","@KellyBartolini","Love","u
","@pattiemallette","@justinbieber","
#HappyBirthdayPattieMallette","http://t.co/Zw0lhe14xQ"
"Thu Apr 02 09:54:13 CEST 2015","en","@thereinafega","RT","@bailey_seal:","Hate","homosexuals.","
Be","judgmental","of","everyone.","
#ThingsJesusNeverSaid"
"Thu Apr 02 09:54:13 CEST 2015","et","@Jelieber_Tina","RT","@Calum5SOS:","Me","and","kuma","http://t.co/8FsPBjltD4"
"Thu Apr 02 09:54:13 CEST 2015","et","@Aini0305","RT","@Calum5SOS:","Me","and","kuma","http://t.co/8FsPBjltD4"
"Thu Apr 02 09:54:13 CEST 2015","et","@horanismagic","RT","@Calum5SOS:","Me","and","kuma","http://t.co/8FsPBjltD4"
"Thu Apr 02 09:54:13 CEST 2015","en","@miichaelpizza","RT","@Calum5SOS:","Me","and","kuma","holding","hands","üê∂üëØ","http://t.co/vmTfFMGeEq"
"Thu Apr 02 09:54:14 CEST 2015","en","@proteggimidemi","@TTLYTEALA","
Do","you","like","demi","lovato","?
#talktoteala"
"Thu Apr 02 09:54:14 CEST 2015","et","@Chloeaston4eva","RT","@Calum5SOS:","Me","and","kuma","http://t.co/8FsPBjltD4"
"Thu Apr 02 09:54:14 CEST 2015","en","@Free_Birdx","People","notice","me","everywhere!","I","just","want","to","eat!","--checked","in","at","nandos","-","feeling","holy","üòá","#ThingsJesusNeverSaid"
"Thu Apr 02 09:54:14 CEST 2015","en","@sarcasmmmmmm","#ThingsJesusNeverSaid","""","Is","Kanye","really","my","dad"""
"Thu Apr 02 09:54:14 CEST 2015","en","@LowBatteryNinja","Every","driver","is","a","potential","rapist.
#NanditaDasQuotes"
"Thu Apr 02 09:54:14 CEST 2015","tl","@_alxybt","@RJRamoss","Sino","mahal","mo?","|","Ask","RJ","Ramos","x17"
"Thu Apr 02 09:54:14 CEST 2015","tl","@Taaababoy","@Taaababoy","Ask","RJ","Ramos","pwede","bang","pansinin","moko","palagi?","hahaha",":(","xc"
"Thu Apr 02 09:54:14 CEST 2015","tl","@krunggyyy","RT","@RJRamoss:","‚Äú@krunggyyy:","@RJRamoss","Ano","ang","characteristics","ng","Ideal","girl","mo?","üòäüëëüôá","Ask","RJ","Ramos","üíï‚Äù","basta","loyal,","hindi","sinungaling","at","seryos‚Ä¶"
"Thu Apr 02 09:54:14 CEST 2015","en","@LmaooNash","@TTLYTEALA","#talktoteala","why","are","you","so","perfect???!"
"Thu Apr 02 09:54:15 CEST 2015","et","@mattys182","RT","@Calum5SOS:","Me","and","kuma","http://t.co/8FsPBjltD4"
"Thu Apr 02 09:54:15 CEST 2015","tl","@eloisa_cruzz","@RJRamoss","Kelan","ka","pipili","ng","new","members?","üëÖ","||","Ask","RJ","Ramos","üíïdfsd"
"Thu Apr 02 09:54:15 CEST 2015","und","@biebersvain","RT","@drewsgirl:","#HappyBirthdayPattieMallette"
"Thu Apr 02 09:54:15 CEST 2015","et","@yungirwxn","RT","@Calum5SOS:","Me","and","kuma","http://t.co/8FsPBjltD4"
"Thu Apr 02 09:54:15 CEST 2015","pl","@awhbieberxari","RT","@twerklukex:","dziekuje,","ze","wyprodukowalas","mojego","aniolka","
","#HappyBirthdayPattieMallette","http://t.co/TeXcLmu0q8"
"Thu Apr 02 09:54:15 CEST 2015","pl","@awhbieberxari","RT","@needmydallas:","moja","te≈õciowa","ma","urodziny","üíï","#HappyBirthdayPattieMallette"
"Thu Apr 02 09:54:15 CEST 2015","en","@sudha073","RT","@ScorpiusMaximus:","Every","Keralaite","is","a","potential","Gulf","migrant","#NanditaDasQuotes"
"Thu Apr 02 09:54:15 CEST 2015","en","@kanha89","feminist","of","our","country","need","luv,sympathy","&","kindness,","not","hatred
This","Is","d","best","way","to","deal","with","mentally","challenged","ppl.","
#NanditaDasQuotes"
"Thu Apr 02 09:54:15 CEST 2015","tl","@mltifxndxm","@RJRamoss","alam","mo","ba","na","mahal","kita?","üòòüòò","Ask","Rj","Ramos"
"Thu Apr 02 09:54:15 CEST 2015","en","@GXLDXNBIEBER","@pattiemallette","happy","birthday","mom!","wishing","you","another","great","year","ahead!","love","u","#HappyBirthdayPattieMallette"
"Thu Apr 02 09:54:15 CEST 2015","en","@laura97lou","RT","@PointlessBlog:","Get","tweeting","chumps","#AlfieOnGrimmy"
"Thu Apr 02 09:54:15 CEST 2015","en","@HereFor__Justin","RT","@1Kidrauhl_Biebz:","Happy","Birthday","to","such","an","amazing","mum!üëç
Have","a","fantastic","dayüòú","#HappyBirthdayPattieMallette","http://t.co/XMs87EPZmu"
"Thu Apr 02 09:54:15 CEST 2015","et","@dimpleirwinn","RT","@Calum5SOS:","Me","and","kuma","http://t.co/8FsPBjltD4"
"Thu Apr 02 09:54:15 CEST 2015","et","@BrittneyMartyn","RT","@Calum5SOS:","Me","and","kuma","http://t.co/8FsPBjltD4"
"Thu Apr 02 09:54:15 CEST 2015","tl","@ChummySam","@RJRamoss","""Ask","RJ","Ramos""","‚ù§‚ù§üòòüòò","Rj","pwede","mo","ba","ako","ifollowback?","x146"
"Thu Apr 02 09:54:15 CEST 2015","tl","@Itsme_TRISHHH","@RJRamoss","Rj","!","Ano","ba","dapat","kong","gawin","para","mafollowback","mo","ko","?","|","Ask","RJ","Ramos","xx45"
"Thu Apr 02 09:54:16 CEST 2015","et","@justboosheart","RT","@Calum5SOS:","Me","and","kuma","http://t.co/8FsPBjltD4"
"Thu Apr 02 09:54:16 CEST 2015","et","@HARRYSHEMM0","RT","@Calum5SOS:","Me","and","kuma","http://t.co/8FsPBjltD4"
"Thu Apr 02 09:54:16 CEST 2015","et","@heelshood","RT","@Calum5SOS:","Me","and","kuma","http://t.co/8FsPBjltD4"
"Thu Apr 02 09:54:16 CEST 2015","et","@smhharold","RT","@Calum5SOS:","Me","and","kuma","http://t.co/8FsPBjltD4"
"Thu Apr 02 09:54:16 CEST 2015","en","@biebsgarrix","#HappyBirthdayPattieMallette","üòòüòò","AND","THANK","YOU","AGAIN","FOR","BLESSING","US","WITH","AN","ANGEL","üíãüòçüòçüòç"
"Thu Apr 02 09:54:17 CEST 2015","et","@gustoliam","RT","@Calum5SOS:","Me","and","kuma","http://t.co/8FsPBjltD4"
"Thu Apr 02 09:54:17 CEST 2015","tl","@brien_adawiah","@aqilahhsaeri","kuma","ke","kupang?haha"
"Thu Apr 02 09:54:17 CEST 2015","en","@GurweSachin","RT","@ankitabardhan:","Every","woman","is","a","potential","attention","seeker.

#NanditaDasQuotes"
"Thu Apr 02 09:54:17 CEST 2015","pl","@sirbieberr","RT","@mrsnessizzle:","Dziƒôki","tej","kobiecie","mamy","najwspanialszego","idola.","Gdyby","sp≈Çawi≈Ça","Scootera","nie","by≈Ço","by","nas","tutaj","#HappyBirthdayPattieMallet‚Ä¶"
"Thu Apr 02 09:54:17 CEST 2015","tl","@onedmalikhug","#ThingsJesusNeverSaid","AHAHAHAHA"
"Thu Apr 02 09:54:17 CEST 2015","tl","@eloisa_cruzz","@RJRamoss","Kelan","ka","pipili","ng","new","members?","üëÖ","||","Ask","RJ","Ramos","üíïzedfc"
"Thu Apr 02 09:54:17 CEST 2015","et","@beccakasanwardi","RT","@Calum5SOS:","Me","and","kuma","http://t.co/8FsPBjltD4"
"Thu Apr 02 09:54:17 CEST 2015","et","@Super_tazik_","RT","@Calum5SOS:","Me","and","kuma","http://t.co/8FsPBjltD4"
"Thu Apr 02 09:54:17 CEST 2015","et","@swirlingluke","RT","@Calum5SOS:","Me","and","kuma","http://t.co/8FsPBjltD4"
"Thu Apr 02 09:54:17 CEST 2015","et","@discovermuke","RT","@Calum5SOS:","Me","and","kuma","http://t.co/8FsPBjltD4"
"Thu Apr 02 09:54:17 CEST 2015","et","@_amyonedi_1D","RT","@Calum5SOS:","Me","and","kuma","http://t.co/8FsPBjltD4"
"Thu Apr 02 09:54:17 CEST 2015","tl","@imjuliamariz","@RJRamoss","Ask","RJ","Ramos","|","Ask","RJ","Ramos
Kailan","ka","ulit","magiging","Mr.Suave?","üòÅüòÅüòÅ10"
"Thu Apr 02 09:54:17 CEST 2015","en","@ariwishh","@boocaprincesses","@TTLYTEALA","can","we","pls","go","on","a","starbucks","date","with","u","#talktoteala"
"Thu Apr 02 09:54:17 CEST 2015","et","@Laurabarnett04","RT","@Calum5SOS:","Me","and","kuma","http://t.co/8FsPBjltD4"
"Thu Apr 02 09:54:18 CEST 2015","en","@thatmixertay","RT","@PointlessBlog:","Reading","all","your","tweets","#alfieongrimmy"
"Thu Apr 02 09:54:18 CEST 2015","en","@metallicageek","#ThingsJesusNeverSaid","I","can","see","the","pub","from","here....."
"Thu Apr 02 09:54:18 CEST 2015","en","@_aneil","RT","@katamulgi:","Even","Rahul","Gandhi","is","a","Potential","Chota","Bheem..
#NanditaDasQuotes"
"Thu Apr 02 09:54:18 CEST 2015","tl","@Taaababoy","@Taaababoy","Ask","RJ","Ramos","pwede","bang","pansinin","moko","palagi?","hahaha",":(","xcc"
"Thu Apr 02 09:54:18 CEST 2015","et","@HarkabusArielle","RT","@Calum5SOS:","Me","and","kuma","http://t.co/8FsPBjltD4"
"Thu Apr 02 09:54:18 CEST 2015","et","@ShyLittleUnicor","RT","@Calum5SOS:","Me","and","kuma","http://t.co/8FsPBjltD4"
"Thu Apr 02 09:54:18 CEST 2015","en","@BieberftMadBeer","RT","@Ruby30Rsbelieve:","#HappyBirthdayPattieMallette","üòò‚ù§Ô∏èüéâ","I'm","forever","grateful","for","you!","","I","love","you","and","I","hope","you","a","wonderful","day.","God","bless","‚Ä¶"
"Thu Apr 02 09:54:18 CEST 2015","en","@iamjhamieee","@RJRamoss","Can","you","follow","me?|""Ask","RJ","Ramos""","x133"
"Thu Apr 02 09:54:18 CEST 2015","en","@rum_ball","RT","@ShettyONTHErun:","Every","arvind","kejriwal","cough","is","a","potential","secret","language","code
#NanditaDasQuotes"
"Thu Apr 02 09:54:18 CEST 2015","et","@FeelPotterhead","RT","@Calum5SOS:","Me","and","kuma","http://t.co/8FsPBjltD4"
"Thu Apr 02 09:54:19 CEST 2015","et","@bushramalik12","RT","@Calum5SOS:","Me","and","kuma","http://t.co/8FsPBjltD4"
"Thu Apr 02 09:54:19 CEST 2015","en","@Ivegotthegrail","My","milkshake","brings","all","the","heretics","to","the","yard,","damn","right,","its","better","than","yours","#ThingsJesusNeverSaid"
"Thu Apr 02 09:54:19 CEST 2015","en","@WoodcraftEw","@PointlessBlog","#AlfieOnGrimmy","When","was","the","first","time","you","were","asked","to","have","an","egg","cracked","on","your","head?"
"Thu Apr 02 09:54:19 CEST 2015","pl","@biebusrek","Podziwiam","jƒÖ.","Zosta≈Ça","mamƒÖ","w","bardzo","m≈Çodym","wieku","i","pomimo","tego","zdo≈Ça≈Ça","wychowaƒá","justina","na","dobrego","cz≈Çowieka","","#HappyBirthdayPattieMallette"
"Thu Apr 02 09:54:19 CEST 2015","in","@JainKamlesh989","RT","@sagarcasm:","Ye","bhi","ban","gaya","--->","@NanditaaDass

","#NanditaDasQuotes"
"Thu Apr 02 09:54:19 CEST 2015","en","@Laurabarnett04","RT","@PointlessBlog:","Reading","all","your","tweets","#alfieongrimmy"
"Thu Apr 02 09:54:20 CEST 2015","en","@bhs7rocks","#NanditaDasQuotes","every","journalist","is","a","potential","sagarika","ghose","!"
"Thu Apr 02 09:54:20 CEST 2015","en","@Tripyxespinosaa","@TTLYTEALA","#talktoteala","Starbucks","or","Chipotle?"
"Thu Apr 02 09:54:20 CEST 2015","tl","@Jaannaabee","""Ask","RJ","Ramos""","Kailan","mo","ko","ifofollow?","""Ask","RJ","Ramos""","x52"
"Thu Apr 02 09:54:20 CEST 2015","tl","@xxibpjm","@RJRamoss","May","chance","bang","makapag","bonding","tayo?","üòäüòä","Ask","RJ","Ramos","|","Ask","RJ","Ramos","üíïüíï","xx"
"Thu Apr 02 09:54:20 CEST 2015","en","@wangyachbharit","RT","@sagarcasm:","Every","Sonam","Kapoor","is","a","potential","Ayesha","Takia.

#NanditaDasQuotes"
"Thu Apr 02 09:54:20 CEST 2015","et","@itsmegrhere","RT","@Calum5SOS:","Me","and","kuma","http://t.co/8FsPBjltD4"
"Thu Apr 02 09:54:20 CEST 2015","et","@feels_empty","RT","@Calum5SOS:","Me","and","kuma","http://t.co/8FsPBjltD4"
"Thu Apr 02 09:54:20 CEST 2015","en","@manojjk","Everyone","in","Bangaluru","is","into","potential","software","shit.
#NanditaDasQuotes"
"Thu Apr 02 09:54:20 CEST 2015","et","@ptrc_gbrll","RT","@Calum5SOS:","Me","and","kuma","http://t.co/8FsPBjltD4"
"Thu Apr 02 09:54:20 CEST 2015","tl","@_alxybt","@RJRamoss","Sino","mahal","mo?","|","Ask","RJ","Ramos","x18"
"Thu Apr 02 09:54:20 CEST 2015","tl","@ChummySam","@RJRamoss","""Ask","RJ","Ramos""","‚ù§‚ù§üòòüòò","Rj","pwede","mo","ba","ako","ifollowback?","x147"
"Thu Apr 02 09:54:20 CEST 2015","en","@SamuraiWolfCop","#ThingsJesusNeverSaid

""Okay,","but","no","butt","stuff"""
"Thu Apr 02 09:54:20 CEST 2015","et","@nadiamassahood","RT","@Calum5SOS:","Me","and","kuma","http://t.co/8FsPBjltD4"
"Thu Apr 02 09:54:21 CEST 2015","tl","@BienvenutoGela","@RJRamoss","@RJRamoss","""Ask","RJ","RAMOS""","Pwede","ba","akong","sumali","dun","sa","trend","team","mo?","Gahzjzk"
"Thu Apr 02 09:54:21 CEST 2015","tl","@YumulXhyrylle","""@RJRamoss:","‚Äú@YumulXhyrylle:","@RJRamoss","@RJRamoss","Galit/","Nagtatampo","ka","pa","ba","kay","Xhyrylle?","‚ò∫","|","""Ask","RJ","Ramos""","xnsnbs‚Äù","nope""","thank","you","omg"
"Thu Apr 02 09:54:21 CEST 2015","es","@agustiinaJb5","El","&","Ella","Son","Perfectos","‚ô°üëä","

Madre","&","Hijo","I","Love","You","#HappyBirthdayPattieMallette","http://t.co/YxL39O9vKf"
"Thu Apr 02 09:54:21 CEST 2015","en","@trouthunter90","#ThingsJesusNeverSaid","
dad","says","you","hoes","ain","t","honest","kneel","before","","me"
"Thu Apr 02 09:54:21 CEST 2015","en","@JainKamlesh989","RT","@sagarcasm:","Every","XX","Chromosome","is","a","potential","abortion","in","India.","#NanditaDasQuotes"
"Thu Apr 02 09:54:21 CEST 2015","et","@HemwinOffical","RT","@Calum5SOS:","Me","and","kuma","http://t.co/8FsPBjltD4"
"Thu Apr 02 09:54:21 CEST 2015","et","@TheElectraaG","RT","@Calum5SOS:","Me","and","kuma","http://t.co/8FsPBjltD4"
"Thu Apr 02 09:54:21 CEST 2015","tl","@Taaababoy","@Taaababoy","Ask","RJ","Ramos","pwede","bang","pansinin","moko","palagi?","hahaha",":(","xxcxx"
"Thu Apr 02 09:54:21 CEST 2015","en","@sextualcameron","#talktoteala","let's","be","best","friends:)"
"Thu Apr 02 09:54:21 CEST 2015","et","@13Unicorniooo","RT","@Calum5SOS:","Me","and","kuma","http://t.co/8FsPBjltD4"
"Thu Apr 02 09:54:22 CEST 2015","et","@tobbafjola","RT","@Calum5SOS:","Me","and","kuma","http://t.co/8FsPBjltD4"
"Thu Apr 02 09:54:22 CEST 2015","et","@janosfthxmmo","RT","@Calum5SOS:","Me","and","kuma","http://t.co/8FsPBjltD4"
"Thu Apr 02 09:54:22 CEST 2015","et","@theleahmaine","RT","@Calum5SOS:","Me","and","kuma","http://t.co/8FsPBjltD4"
"Thu Apr 02 09:54:22 CEST 2015","en","@m3g4nno","#alfieongrimmy","how","is","your","day","alfie?","‚ù§Ô∏è"
"Thu Apr 02 09:54:22 CEST 2015","en","@gupta_anandi","@doctoratlarge","@Amit_smiling","
Every","unhappy","and","frustrated","man","is","a","potential","chauvinist!","#NanditaDasQuotes"
"Thu Apr 02 09:54:22 CEST 2015","en","@myloverishoran","Will","you","follow","me","someday","?","","#talktoteala"
"Thu Apr 02 09:54:22 CEST 2015","tl","@Heymiyuhhxx","@RJRamoss","Sino","mas","pogi","Ikaw","o","si","Vmiguel?","üòÇüòçüòçüòç","|","Ask","RJ","Ramos"
"Thu Apr 02 09:54:22 CEST 2015","et","@mystifiedmuke","RT","@Calum5SOS:","Me","and","kuma","http://t.co/8FsPBjltD4"
"Thu Apr 02 09:54:22 CEST 2015","et","@clifforxnirwin","RT","@Calum5SOS:","Me","and","kuma","http://t.co/8FsPBjltD4"
"Thu Apr 02 09:54:22 CEST 2015","tl","@QueenJoemzzz","@RJRamoss","Rj,","may","pag-asa","ba","tayo?","Hahaha.","üòÅ","","‚Ä¢","Ask","RJ","Ramos","‚Ä¢","@RJRamoss","x31"
"Thu Apr 02 09:54:22 CEST 2015","et","@Dhraa_24","RT","@Calum5SOS:","Me","and","kuma","http://t.co/8FsPBjltD4"
"Thu Apr 02 09:54:22 CEST 2015","en","@salmajubyy","Happy","Birthday","Mom","@pattiemallette","","u","are","the","best.
","I","LOVE","U
#HappyBirthdayPattieMallette"
"Thu Apr 02 09:54:22 CEST 2015","et","@hxrryandlukx","RT","@Calum5SOS:","Me","and","kuma","http://t.co/8FsPBjltD4"
"Thu Apr 02 09:54:22 CEST 2015","tl","@imjuliamariz","@RJRamoss","Ask","RJ","Ramos","|","Ask","RJ","Ramos
Kailan","ka","ulit","magiging","Mr.Suave?","üòÅüòÅüòÅ11"
"Thu Apr 02 09:54:23 CEST 2015","en","@KellyBartolini","Love","u
","@pattiemallette","@justinbieber","
#HappyBirthdayPattieMallette","http://t.co/bxeDVqEwaG"
"Thu Apr 02 09:54:23 CEST 2015","en","@alicialiciii","#ThingsJesusNeverSaid","are","there","any","passive","christians","here?"
"Thu Apr 02 09:54:23 CEST 2015","et","@smokingcookies_","RT","@Calum5SOS:","Me","and","kuma","http://t.co/8FsPBjltD4"
"Thu Apr 02 09:54:23 CEST 2015","tl","@crizaramoss","@RJRamoss","followback?","Ily","bae|Ask","RJ","Ramos|gnchhsj"
"Thu Apr 02 09:54:23 CEST 2015","en","@onepiecegano1","@Calum5SOS
the","word","‚Äúkuma‚Äù","is","japanese","üòÇüòÇüòÇüòÇ
Why","did","you","use","itÔºülol
I","love","you","
cuteüòÜ"
"Thu Apr 02 09:54:23 CEST 2015","et","@lashton00pizza","RT","@Calum5SOS:","Me","and","kuma","http://t.co/8FsPBjltD4"
"Thu Apr 02 09:54:23 CEST 2015","in","@nasrul65280392","RT","@MentionSimi:","Paling","Kesel","Saat","Ngapain","?"
"Thu Apr 02 09:54:23 CEST 2015","en","@FollowTrickVEVO","@pattiemallette","Happy","Birthday","To","My","Lovely","Angel.","I","Love","You","So","Much.","May","God","Bless","You","üòò","#HappyBirthdayPattieMallette"
"Thu Apr 02 09:54:23 CEST 2015","tl","@mariahcriselda","@RJRamoss","Bal","paoansinin","mo","ba","ako","o","papansinin","mo","ako?",":)","||","Ask","RJ","Ramos"
"Thu Apr 02 09:54:24 CEST 2015","und","@xsfvxjb","#HappyBirthdayPattieMallette"
"Thu Apr 02 09:54:24 CEST 2015","et","@cuetomaritoni","RT","@Calum5SOS:","Me","and","kuma","http://t.co/8FsPBjltD4"
"Thu Apr 02 09:54:24 CEST 2015","et","@aussielrh_","RT","@Calum5SOS:","Me","and","kuma","http://t.co/8FsPBjltD4"
"Thu Apr 02 09:54:24 CEST 2015","et","@DCPGomez","RT","@Calum5SOS:","Me","and","kuma","http://t.co/8FsPBjltD4"
"Thu Apr 02 09:54:24 CEST 2015","tl","@zeaudreaaamarie","@RJRamoss","Handa","mo","bang","talikuran","ang","lahat","para","sa","taong","mahal","mo?","Ask","RJ","Ramos","üòèüòè"
"Thu Apr 02 09:54:24 CEST 2015","en","@trend_words_en","#NanditaDasQuotes,","potential","https://t.co/1oiiVA8vDx","„ÄêFR:21.4t/m„Äë"
"Thu Apr 02 09:54:24 CEST 2015","en","@SteveKearney1","RT","@DamienPower01:","Remember","me","by","proudly","wearing","the","Roman","execution","device","that","killed","me.","
#ThingsJesusNeverSaid"
"Thu Apr 02 09:54:24 CEST 2015","et","@amateurfornjh","RT","@Calum5SOS:","Me","and","kuma","http://t.co/8FsPBjltD4"
"Thu Apr 02 09:54:24 CEST 2015","et","@HemmoLawson","RT","@Calum5SOS:","Me","and","kuma","http://t.co/8FsPBjltD4"
"Thu Apr 02 09:54:24 CEST 2015","en","@bocasflorida","@TTLYTEALA","you're","my","sunshine","&","princess,","please","wish","me","early","happy","birthday","and","follow","me","#talktoteala"
"Thu Apr 02 09:54:25 CEST 2015","et","@Hazza_Sarah","RT","@Calum5SOS:","Me","and","kuma","http://t.co/8FsPBjltD4"
"Thu Apr 02 09:54:25 CEST 2015","pl","@HereFor__Justin","RT","@JusBlaugr:","Urodzi≈Ça","naszego","anio≈Çka.","To","ona","da≈Ça","poczƒÖtek","jego","karierze.","Jest","niezwyk≈Ça","i","piƒôkna.
#HappyBirthdayPattieMallette","http://t‚Ä¶"
"Thu Apr 02 09:54:25 CEST 2015","en","@Dushy4nt","Potential","is","a","Reality.

#NanditaDasQuotes"
"Thu Apr 02 09:54:25 CEST 2015","tl","@_alxybt","@RJRamoss","Sino","mahal","mo?","|","Ask","RJ","Ramos","x19"
"Thu Apr 02 09:54:25 CEST 2015","tl","@billonesnicole","@RJRamoss","","Ask","RJ","Ramos",":","uyyy","!","bat","ang","Gwapo","mo","?!","pake","explain","nga","Lafyuuuuuu","<3"
"Thu Apr 02 09:54:25 CEST 2015","et","@Narry_fck","RT","@Calum5SOS:","Me","and","kuma","http://t.co/8FsPBjltD4"
"Thu Apr 02 09:54:25 CEST 2015","et","@Lashton_1994","RT","@Calum5SOS:","Me","and","kuma","http://t.co/8FsPBjltD4"
"Thu Apr 02 09:54:25 CEST 2015","en","@beebenzo","RT","@Swag1994JBizzle:","i","love","u.","the","best","mother","in","law,","happy","birthday","#HappyBirthdayPattieMallette","http://t.co/ZJOOHwraFT"
"Thu Apr 02 09:54:25 CEST 2015","et","@zmralvina","RT","@Calum5SOS:","Me","and","kuma","http://t.co/8FsPBjltD4"
"Thu Apr 02 09:54:25 CEST 2015","tl","@AKKatleeeh","@RJRamoss","hoy","yung","official","trend","team","mo","ano","na?","""Ask","RJ","Ramos"""
"Thu Apr 02 09:54:25 CEST 2015","tl","@Itsme_TRISHHH","@RJRamoss","Rj","!","Ano","ba","dapat","kong","gawin","para","mafollowback","mo","ko","?","|","Ask","RJ","Ramos","xx46"
"Thu Apr 02 09:54:25 CEST 2015","en","@Indianonly1","RT","@rkgeemail:","Every","Nandita","Das","is","potential","@sagarikaghose

","#NanditaDasQuotes"
"Thu Apr 02 09:54:25 CEST 2015","et","@Jess_Grg","RT","@Calum5SOS:","Me","and","kuma","http://t.co/8FsPBjltD4"
"Thu Apr 02 09:54:25 CEST 2015","et","@Hood__JJ","RT","@Calum5SOS:","Me","and","kuma","http://t.co/8FsPBjltD4"
"Thu Apr 02 09:54:25 CEST 2015","et","@xopposite_","RT","@Calum5SOS:","Me","and","kuma","http://t.co/8FsPBjltD4"
"Thu Apr 02 09:54:25 CEST 2015","et","@xswift1d5sosx","RT","@Calum5SOS:","Me","and","kuma","http://t.co/8FsPBjltD4"
"Thu Apr 02 09:54:25 CEST 2015","en","@jvstin","RT","@BiebzProperty:","You","brought","into","my","life","something","that","can","ever","be","replaced.","#HappyBirthdayPattieMallette","http://t.co/Jj48kqutlK"
"Thu Apr 02 09:54:26 CEST 2015","en","@IinShawty","#HappyBirthdayPattieMallette
Happy","Birthday","mom","pattie",":*"
"Thu Apr 02 09:54:26 CEST 2015","en","@ShettyONTHErun","Every","follower","is","a","potential","stalker
#NanditaDasQuotes"
"Thu Apr 02 09:54:26 CEST 2015","tl","@ChummySam","@RJRamoss","""Ask","RJ","Ramos""","‚ù§‚ù§üòòüòò","Rj","pwede","mo","ba","ako","ifollowback?","x148"
"Thu Apr 02 09:54:26 CEST 2015","tl","@Taaababoy","@Taaababoy","Ask","RJ","Ramos","pwede","bang","pansinin","moko","palagi?","hahaha",":(","xxcccc"
"Thu Apr 02 09:54:26 CEST 2015","en","@iamjhamieee","@RJRamoss","Can","you","follow","me?|""Ask","RJ","Ramos""","x134"
"Thu Apr 02 09:54:26 CEST 2015","tl","@patriciaellaaaa","@RJRamoss","Rj","anong","sikreto","mo?","","AhahahüòÇüòÇüòÇüòÇ","Ask","Rj","Ramosüíû"
"Thu Apr 02 09:54:26 CEST 2015","tl","@alyhsyrlxx","@RJRamoss","bakit","7.50","ang","ariel?","|","Ask","RJ","Ramos"
"Thu Apr 02 09:54:26 CEST 2015","et","@pandabearluke","RT","@Calum5SOS:","Me","and","kuma","http://t.co/8FsPBjltD4"
"Thu Apr 02 09:54:26 CEST 2015","en","@starringluke","""@Calum5SOS:","Me","and","kuma","http://t.co/FIbuNSrezQ""","HOLY","SHIT","TWO","PUPPIES"
"Thu Apr 02 09:54:26 CEST 2015","en","@senutsab","RT","@doctoratlarge:","Every","unhappy","and","frustrated","woman","is","a","potential","feminist","#NanditaDasQuotes"
"Thu Apr 02 09:54:26 CEST 2015","et","@theotherchood","RT","@Calum5SOS:","Me","and","kuma","http://t.co/8FsPBjltD4"
"Thu Apr 02 09:54:26 CEST 2015","en","@heelshood","@Calum5SOS","lol","my","Fox","is","called","kuma"
"Thu Apr 02 09:54:26 CEST 2015","en","@attomeybharti","Every","'Bullet'","owner","is","a","potential","Ladakh","traveler.","#NanditaDasQuotes"
"Thu Apr 02 09:54:26 CEST 2015","en","@nmjcoveney","RT","@PointlessBlog:","Reading","all","your","tweets","#alfieongrimmy"
"Thu Apr 02 09:54:26 CEST 2015","et","@blackberryljp","RT","@Calum5SOS:","Me","and","kuma","http://t.co/8FsPBjltD4"
"Thu Apr 02 09:54:26 CEST 2015","in","@Dwii_je","RT","@FlashbackRemaja:","Paling","Kesel","Saat","Ngapain","?"
"Thu Apr 02 09:54:26 CEST 2015","en","@jhildy_9","RT","@ecejatrublu:","I'll","go","for","a","happy","ending","just","about","now","#ThingsJesusNeverSaid","...maybe"
"Thu Apr 02 09:54:26 CEST 2015","et","@SophieAlysIngle","RT","@Calum5SOS:","Me","and","kuma","http://t.co/8FsPBjltD4"
"Thu Apr 02 09:54:26 CEST 2015","en","@soturntbieber","Happiest","birthday","to","the","best","mom","#HappyBirthdayPattieMallette","http://t.co/3uPXhHpTNV"
"Thu Apr 02 09:54:27 CEST 2015","et","@elinvilh","RT","@Calum5SOS:","Me","and","kuma","http://t.co/8FsPBjltD4"
"Thu Apr 02 09:54:27 CEST 2015","en","@oktavia_yolanda","RT","@RyanSaysThings:","Haha,","Peter,","even","I","have","to","admit,","that","was","a","perfect","impression","of","me.","You","really","nailed","it,","to","a","T.","#ThingsJesusNever‚Ä¶"
"Thu Apr 02 09:54:27 CEST 2015","et","@MyNamesKatieee","RT","@Calum5SOS:","Me","and","kuma","http://t.co/8FsPBjltD4"
"Thu Apr 02 09:54:27 CEST 2015","tl","@Keiiilah_Joiiie","@RJRamoss","Ask","RJ","Ramos","|","Ask","RJ","Ramos","|","ano","ang","favorite","story","mo","sa","Wattpad?","‚ô•","xhgj"
"Thu Apr 02 09:54:27 CEST 2015","en","@thebakwaashour","Every","Indian","has","potential","to","get","15","lakh","#NanditaDasQuotes"
"Thu Apr 02 09:54:27 CEST 2015","tl","@QueenJoemzzz","@RJRamoss","Rj,","may","pag-asa","ba","tayo?","Hahaha.","üòÅ","","‚Ä¢","Ask","RJ","Ramos","‚Ä¢","@RJRamoss","x32"
"Thu Apr 02 09:54:27 CEST 2015","et","@wreckmygrier","RT","@Calum5SOS:","Me","and","kuma","http://t.co/8FsPBjltD4"
"Thu Apr 02 09:54:27 CEST 2015","en","@biebsxck","@TTLYTEALA","tweet","me","something","cute","üòèüòèüíñüíñ","#talktoteala"
"Thu Apr 02 09:54:28 CEST 2015","et","@MarinaLT5","RT","@Calum5SOS:","Me","and","kuma","http://t.co/8FsPBjltD4"
"Thu Apr 02 09:54:28 CEST 2015","en","@TyrionSinister","RT","@rishibagree:","If","her","furniture","is","wrapped","in","plastic","it's","probably","because","she's","a","Potential","squirter.

#NanditaDasQuotes"
"Thu Apr 02 09:54:28 CEST 2015","en","@sunielnair","RT","@Reviewero:","Every","Hot","Girl","DP","is","a","potential","guy.","#Nanditadasquotes","http://t.co/OEFHPTgQEq"
"Thu Apr 02 09:54:28 CEST 2015","en","@gaayleangeles","RT","@LMHPhotog:","This","CrossFit","is","brutal!

#ThingsJesusNeverSaid","http://t.co/tvTlnhpNWL"
"Thu Apr 02 09:54:28 CEST 2015","et","@amoresmuhyen","RT","@Calum5SOS:","Me","and","kuma","http://t.co/8FsPBjltD4"
"Thu Apr 02 09:54:28 CEST 2015","en","@SanchezMarinna","Happy","birthday","mom.","","#HappyBirthdayPattieMallette"
"Thu Apr 02 09:54:28 CEST 2015","et","@laura_dicenta","RT","@Calum5SOS:","Me","and","kuma","http://t.co/8FsPBjltD4"
"Thu Apr 02 09:54:28 CEST 2015","pt","@Chincha_Bagi","‚Äú@RJRamoss","|Ask","RJ","Ramos‚Äù","
Sino","bias","mo","sa","Exo","ba?"
"Thu Apr 02 09:54:28 CEST 2015","et","@Sick0fTheSyst3m","RT","@Calum5SOS:","Me","and","kuma","http://t.co/8FsPBjltD4"
"Thu Apr 02 09:54:28 CEST 2015","et","@ineednjallshug","RT","@Calum5SOS:","Me","and","kuma","http://t.co/8FsPBjltD4"
"Thu Apr 02 09:54:28 CEST 2015","et","@_1D_5SOS","RT","@Calum5SOS:","Me","and","kuma","http://t.co/8FsPBjltD4"
"Thu Apr 02 09:54:28 CEST 2015","en","@redbuddhadojo","RT","@toddwhaines:","#ThingsJesusNeverSaid
Finally...sell","your","asses-off,","people.
ABC","=","Always","Be","Closing.
Bobble-heads.","Jewelry.","Books.","http:/‚Ä¶"
"Thu Apr 02 09:54:29 CEST 2015","et","@swagcandy","RT","@Calum5SOS:","Me","and","kuma","http://t.co/8FsPBjltD4"
"Thu Apr 02 09:54:29 CEST 2015","et","@imniallgirl_2","RT","@Calum5SOS:","Me","and","kuma","http://t.co/8FsPBjltD4"
"Thu Apr 02 09:54:29 CEST 2015","tl","@BienvenutoGela","@RJRamoss","@RJRamoss","""Ask","RJ","RAMOS""","Pwede","ba","akong","sumali","dun","sa","trend","team","mo?","Hajakz"
"Thu Apr 02 09:54:29 CEST 2015","et","@mudaestrada1","RT","@Calum5SOS:","Me","and","kuma","http://t.co/8FsPBjltD4"
"Thu Apr 02 09:54:29 CEST 2015","und","@InduSarabhai","@Sarcaism","@OneTipOneHand_","https://t.co/zWZu6s7ow4"
"Thu Apr 02 09:54:29 CEST 2015","et","@sulvanisukma","RT","@Calum5SOS:","Me","and","kuma","http://t.co/8FsPBjltD4"
"Thu Apr 02 09:54:29 CEST 2015","en","@tressia_04","@RJRamoss","FOLLOWBACK","PLEASE","!","'ASK","RJ","RAMOS","'","!","X115"
"Thu Apr 02 09:54:29 CEST 2015","en","@tine_hemmo","@calum5sos","sorry","don't","know","the","gender..","is","kuma","a","he?","or","a","she?"
"Thu Apr 02 09:54:30 CEST 2015","et","@RegineOjastro","RT","@Calum5SOS:","Me","and","kuma","http://t.co/8FsPBjltD4"
"Thu Apr 02 09:54:30 CEST 2015","tl","@_alxybt","@RJRamoss","Sino","mahal","mo?","|","Ask","RJ","Ramos","x20"
"Thu Apr 02 09:54:30 CEST 2015","en","@bocasflorida","@TTLYTEALA","you're","my","sunshine","&","princess,","please","wish","me","early","happy","birthday","and","follow","me","#talktoteala","üëº"
"Thu Apr 02 09:54:30 CEST 2015","en","@AmynGhadiali","Every","@BeingSalmanKhan","fan","is","a","potential","threat","to","the","society.","#NanditaDasQuotes","#TrueStory"
"Thu Apr 02 09:54:30 CEST 2015","et","@theotherchood","""@Calum5SOS:","Me","and","kuma","http://t.co/Imrtf2MgjU"""
"Thu Apr 02 09:54:30 CEST 2015","en","@liamsloveaffair","@TTLYTEALA","favourite","emoji?","#talktoteala"
"Thu Apr 02 09:54:30 CEST 2015","en","@justinsadrug","Thank","you","for","bringing","a","man","into","this","world","who","has","saved","so","many","lives.","Thank","you","for","raising","him.","Thank","you.","#HappyBirthdayPattieMallette"
"Thu Apr 02 09:54:30 CEST 2015","en","@friendlii_ghost","RT","@akshaykanitkar:","Every","Instagram","user","is","a","potential","photographer

#NanditaDasQuotes"
"Thu Apr 02 09:54:31 CEST 2015","pl","@Justin_awwwww","Kochanie","jeste≈õ","wspania≈Ça","@pattiemallette","#HappyBirthdayPattieMallette"
"Thu Apr 02 09:54:31 CEST 2015","en","@friendlii_ghost","RT","@akshaykanitkar:","Every","Talented","batsman","is","NOT","a","potential","Rohit","Sharma.","He","is","one","of","a","kind

#NanditaDasQuotes"
"Thu Apr 02 09:54:31 CEST 2015","et","@Addicted2winter","RT","@Calum5SOS:","Me","and","kuma","http://t.co/8FsPBjltD4"
"Thu Apr 02 09:54:30 CEST 2015","et","@beccyloftus","RT","@Calum5SOS:","Me","and","kuma","http://t.co/8FsPBjltD4"
"Thu Apr 02 09:54:31 CEST 2015","en","@21Viraj","""@Miister_H:","Every","guy","with","a","DSLR","is","a","potential","monkey.","
#NanditaDasQuotes""","@chris_rags","@nitika_kharial","","hahahhaha"
"Thu Apr 02 09:54:31 CEST 2015","tl","@imjuliamariz","@RJRamoss","Ask","RJ","Ramos","|","Ask","RJ","Ramos
Kailan","ka","ulit","magiging","Mr.Suave?","üòÅüòÅüòÅ12"
"Thu Apr 02 09:54:31 CEST 2015","et","@MaryLou1999","RT","@Calum5SOS:","Me","and","kuma","http://t.co/8FsPBjltD4"
"Thu Apr 02 09:54:31 CEST 2015","en","@phurstrated","Every","Aaj","Tak","admin","is","a","potential","Tharki","#NanditaDasQuotes"
"Thu Apr 02 09:54:31 CEST 2015","en","@naftee","Better","data","needed","to","accurately","rate","school","systems,","their","servants","","whom","both","themselves","have","called","friends.","ŒíŒπŒ∫œÖ","Œ£œÑŒ±ŒºŒ±œÑŒ∑"
"Thu Apr 02 09:54:31 CEST 2015","en","@inkedchildcth","@Calum5SOS","you","love","kuma","as","much","as","I","love","you"
"Thu Apr 02 09:54:31 CEST 2015","en","@tiwarisantos","RT","@ggiittiikkaa:","Every","Nehru-Gandhi","sperm","is","a","potential","Congress","PM","candidate","#NanditaDasQuotes"
"Thu Apr 02 09:54:31 CEST 2015","et","@megumiikeda0325","RT","@Calum5SOS:","Me","and","kuma","http://t.co/8FsPBjltD4"
"Thu Apr 02 09:54:32 CEST 2015","et","@Tanya1d47Romero","RT","@Calum5SOS:","Me","and","kuma","http://t.co/8FsPBjltD4"
"Thu Apr 02 09:54:32 CEST 2015","de","@dullpoetry","RT","@Totolotto:","Du","bist","im","Recall.","#ThingsJesusNeverSaid"
"Thu Apr 02 09:54:32 CEST 2015","in","@raghu_che","RT","@InduSarabhai:","Every","spoon","of","curd","is","potential","Raita.","

#NanditaDasQuotes","on","Kejriwal."
"Thu Apr 02 09:54:32 CEST 2015","en","@IamOceaneC","Happy","Birthday","to","an","amazing","Woman","@pattiemallette","üíï","#HappyBirthdayPattieMallette"
"Thu Apr 02 09:54:32 CEST 2015","et","@need_you_l","RT","@Calum5SOS:","Me","and","kuma","http://t.co/8FsPBjltD4"
"Thu Apr 02 09:54:32 CEST 2015","tl","@Taaababoy","@Taaababoy","Ask","RJ","Ramos","pwede","bang","pansinin","moko","palagi?","hahaha",":(","xxcxcx"
"Thu Apr 02 09:54:32 CEST 2015","tl","@santoscamsss","@RJRamoss","bakit","hilig","mong","magpakilig?","|","Ask","RJ","Ramos"
"Thu Apr 02 09:54:32 CEST 2015","en","@anayaseth","RT","@akshaykanitkar:","Every","Instagram","user","is","a","potential","photographer

#NanditaDasQuotes"
"Thu Apr 02 09:54:33 CEST 2015","en","@meganharperxox","#alfieongrimmy","this","is","going","to","be","funny","seeing","you","in","a","dress!üòÇüòÇ‚ù§Ô∏è‚ù§Ô∏è‚ù§Ô∏è‚ù§Ô∏è"
"Thu Apr 02 09:54:33 CEST 2015","et","@Lenissaa","RT","@Calum5SOS:","Me","and","kuma","http://t.co/8FsPBjltD4"
"Thu Apr 02 09:54:33 CEST 2015","tl","@anuhisdaname","@RJRamoss","Kailan","mo","ba","ako","ifa-followback?","|","Ask","RJ","Ramos","|","x11"
"Thu Apr 02 09:54:33 CEST 2015","tl","@ChummySam","@RJRamoss","""Ask","RJ","Ramos""","‚ù§‚ù§üòòüòò","Rj","pwede","mo","ba","ako","ifollowback?","x149"
"Thu Apr 02 09:54:33 CEST 2015","tl","@QueenJoemzzz","@RJRamoss","Rj,","may","pag-asa","ba","tayo?","Hahaha.","üòÅ","","‚Ä¢","Ask","RJ","Ramos","‚Ä¢","@RJRamoss","x33"
"Thu Apr 02 09:54:33 CEST 2015","it","@alessiasaba31","RT","@TTmobile_:","TT","ITALIA","09:36
1.#Sofia100k
2.Zerrie
3.#costava
4.#giovannipaoloII
5.#HappyBirthdayPattieMallette
6.#GiornataMondialeAutismo"
"Thu Apr 02 09:54:33 CEST 2015","en","@Amit_smiling","Every","Australian","team","is","a","potential","world","cup","winner","#NanditaDasQuotes"
"Thu Apr 02 09:54:33 CEST 2015","en","@iamjhamieee","@RJRamoss","Can","you","follow","me?|""Ask","RJ","Ramos""","x135"
"Thu Apr 02 09:54:33 CEST 2015","tl","@khatenocos","@RJRamoss",":","RT","please","huhu","üò≠

Ano","kulay","ng","damit","mo","ngayon??","O","baka","wala","kang","suot","na","t-shirt","hahaha

RT","""","Ask","RJ","Ramos","""","x62"
"Thu Apr 02 09:54:33 CEST 2015","et","@TiredAndGone","RT","@Calum5SOS:","Me","and","kuma","http://t.co/8FsPBjltD4"
"Thu Apr 02 09:54:33 CEST 2015","et","@IrwinsSnores","RT","@Calum5SOS:","Me","and","kuma","http://t.co/8FsPBjltD4"
"Thu Apr 02 09:54:33 CEST 2015","et","@singfor5sos","RT","@Calum5SOS:","Me","and","kuma","http://t.co/8FsPBjltD4"
"Thu Apr 02 09:54:33 CEST 2015","et","@onedsclouds","RT","@Calum5SOS:","Me","and","kuma","http://t.co/8FsPBjltD4"
"Thu Apr 02 09:54:34 CEST 2015","en","@gajamani","Every","retired","cinema","actress","is","a","potential","TV","serial","heroine","","-)","#NanditaDasQuotes"
"Thu Apr 02 09:54:34 CEST 2015","en","@TheMikeTmas","Lol","Wut?","#ThingsJesusNeverSaid"
"Thu Apr 02 09:54:34 CEST 2015","et","@fatalmatt","RT","@Calum5SOS:","Me","and","kuma","http://t.co/8FsPBjltD4"
"Thu Apr 02 09:54:34 CEST 2015","en","@FrancescaBickn1","@PointlessBlog","Hope","your","enjoying","itüéâüéà","Cannot","wait","to","watch","the","vlog","üé•","#alfieongrimmy"
"Thu Apr 02 09:54:34 CEST 2015","et","@besjdeluke","""@Calum5SOS:","Me","and","kuma","http://t.co/icDoPKhRKi"""
"Thu Apr 02 09:54:34 CEST 2015","hi","@TheGhantaa","‡§≠‡§æ‡§à,","‡§§‡§Ç‡§ó","‡§Ü","‡§ó‡§Ø‡§æ","‡§π‡•Ç‡§Å","‡§á‡§®","#feminazis","‡§∏‡•á‡•§","‡§á‡§®‡§ï‡•Ä","‡§ö‡§≤‡•á","‡§§‡•ã","‡§™‡•Å‡§∞‡•Å‡§∑","‡§ú‡§æ‡§§‡•Ä","‡§ï‡•ã","‡§Æ‡§æ‡§∞‡•ç‡§∏","‡§≠‡•á‡§ú","‡§¶‡•á‡§Ç","‡§Ø‡•á","-_-

#NanditaDasQuotes","#nanditadas","http://t.co/J7oHcJKc1o"
"Thu Apr 02 09:54:35 CEST 2015","en","@neezee856","#ThingsJesusNeverSaid","that","put","the","nail","in","the","coffin"
"Thu Apr 02 09:54:35 CEST 2015","et","@zamdani123","RT","@Calum5SOS:","Me","and","kuma","http://t.co/8FsPBjltD4"
"Thu Apr 02 09:54:35 CEST 2015","en","@JinaAnk","RT","@sharmaswati28:","Every","Ashutosh","is","a","potential","Shashi","Tharoor","","#NanditaDasQuotes"
"Thu Apr 02 09:54:35 CEST 2015","en","@bocasflorida","@TTLYTEALA","you're","my","sunshine","&","princess,","please","wish","me","early","happy","birthday","and","follow","me","#talktoteala","üíï"
"Thu Apr 02 09:54:35 CEST 2015","en","@SrtaMinguez","RT","@toddwhaines:","#ThingsJesusNeverSaid
The","more","money-changers","the","better.","BRING","ON","THE","MONEY-CHANGERS!","http://t.co/2id89MP03X"
"Thu Apr 02 09:54:35 CEST 2015","et","@Carmilya","RT","@Calum5SOS:","Me","and","kuma","http://t.co/8FsPBjltD4"
"Thu Apr 02 09:54:35 CEST 2015","en","@gaayleangeles","RT","@IanFHood:","Please,","go","forth","and","spread","your","own","opinions","in","my","name.
#ThingsJesusNeverSaid"
"Thu Apr 02 09:54:35 CEST 2015","et","@Millieastbury1","RT","@Calum5SOS:","Me","and","kuma","http://t.co/8FsPBjltD4"
"Thu Apr 02 09:54:35 CEST 2015","en","@No1kaChamcha","Every","Aptards","are","Potential","fool.
#NanditaDasQuotes"
"Thu Apr 02 09:54:36 CEST 2015","ro","@Cupcake3queen","@PointlessBlog","hii","alfie","#alfieongrimmy"
"Thu Apr 02 09:54:36 CEST 2015","en","@friendlii_ghost","RT","@akshaykanitkar:","Every","mosquito","has","the","potential","of","making","you","a","Eunuch

#NanditaDasQuotes"
"Thu Apr 02 09:54:36 CEST 2015","et","@5sosmilexx","RT","@Calum5SOS:","Me","and","kuma","http://t.co/8FsPBjltD4"
"Thu Apr 02 09:54:36 CEST 2015","tl","@Jaannaabee","""Ask","RJ","Ramos""","Kailan","mo","ko","ifofollow?","""Ask","RJ","Ramos""","x53"
"Thu Apr 02 09:54:36 CEST 2015","tl","@_alxybt","@RJRamoss","Sino","mahal","mo?","|","Ask","RJ","Ramos","x21"
"Thu Apr 02 09:54:36 CEST 2015","en","@viney_tiwari","Dear","@nanditadas","Are","you","misandrist","?What","do","you","mean","by","""Every","man","is","potential","rapist""?","#NanditaDasQuotes"
"Thu Apr 02 09:54:36 CEST 2015","et","@29ofJune2014","RT","@Calum5SOS:","Me","and","kuma","http://t.co/8FsPBjltD4"
"Thu Apr 02 09:54:36 CEST 2015","en","@kaaahlo","Follow","4","follow","#ThingsJesusNeverSaid"
"Thu Apr 02 09:54:36 CEST 2015","tl","@Taaababoy","@Taaababoy","Ask","RJ","Ramos","pwede","bang","pansinin","moko","palagi?","hahaha",":(","xcccccc"
"Thu Apr 02 09:54:36 CEST 2015","et","@JuliieSi","RT","@Calum5SOS:","Me","and","kuma","http://t.co/8FsPBjltD4"
"Thu Apr 02 09:54:36 CEST 2015","tl","@anuhisdaname","@RJRamoss","Kailan","mo","ba","ako","ifa-followback?","|","Ask","RJ","Ramos","|","x12"
"Thu Apr 02 09:54:37 CEST 2015","pl","@somedayimeethim","wszystkiego","najlepszego","dla","najkochanszej","i","najsilniejszej","kobiety","na","≈õwiecie",":)","#HappyBirthdayPattieMallette","http://t.co/Su3g6uYbV6"
"Thu Apr 02 09:54:37 CEST 2015","et","@rosesftmgc","RT","@Calum5SOS:","Me","and","kuma","http://t.co/8FsPBjltD4"
"Thu Apr 02 09:54:37 CEST 2015","en","@8yearsofstyles","RT","@Lrn20121d:","#AlfieOnGrimmy","@PointlessBlog","@grimmers","He","looks","so","happy!!!","http://t.co/WtL7lQm9Mk"
"Thu Apr 02 09:54:37 CEST 2015","et","@Abbyyy_xo","RT","@Calum5SOS:","Me","and","kuma","http://t.co/8FsPBjltD4"
"Thu Apr 02 09:54:37 CEST 2015","tl","@Asdfghjkylaxx","@RJRamoss","Napanood","monaba","Yung","50","shades","of","Aj","Ramos?","haha","Ask","RJ","Ramos"
"Thu Apr 02 09:54:38 CEST 2015","et","@PLL_Fan14","RT","@Calum5SOS:","Me","and","kuma","http://t.co/8FsPBjltD4"
"Thu Apr 02 09:54:38 CEST 2015","tl","@imjuliamariz","@RJRamoss","Ask","RJ","Ramos","|","Ask","RJ","Ramos
Kailan","ka","ulit","magiging","Mr.Suave?","üòÅüòÅüòÅ13"
"Thu Apr 02 09:54:38 CEST 2015","et","@leo_malu","RT","@Calum5SOS:","Me","and","kuma","http://t.co/8FsPBjltD4"
"Thu Apr 02 09:54:38 CEST 2015","en","@KellyBartolini","Love","u
","@pattiemallette","@justinbieber","
#HappyBirthdayPattieMallette","http://t.co/nrNkQKeryz"
"Thu Apr 02 09:54:38 CEST 2015","en","@KaushikRg","Every","UPA","minister","is","a","potential","Tihar","inmate.","#NanditaDasQuotes"
"Thu Apr 02 09:54:38 CEST 2015","et","@LopezMorissette","""@Calum5SOS:","Me","and","kuma","http://t.co/FpVeUJnpkd"""
"Thu Apr 02 09:54:38 CEST 2015","tl","@mickahmouse","Tanda","mo","pa","ba","ako?","Si","Miks?üòÇüòÇ","//","@RJRamoss","x","Ask","RJ","Ramos","-"
"Thu Apr 02 09:54:38 CEST 2015","es","@KatrinaYJustinB","RT","@kidrauhl1994l:","La","mejor","persona","que","a","pesar","de","la","situaci√≥n","que","estaba","dio","la","vida","a","este","√°ngel","üëåüòòüòçüíñ","#HappyBirthdayPattieMallette","http:‚Ä¶"
"Thu Apr 02 09:54:38 CEST 2015","en","@alxtomas","RT","@LMHPhotog:","This","CrossFit","is","brutal!

#ThingsJesusNeverSaid","http://t.co/tvTlnhpNWL"
"Thu Apr 02 09:54:38 CEST 2015","en","@teenagewxrrior","@TTLYTEALA","ur","videos","are","literally","everything","#talktoteala"
"Thu Apr 02 09:54:38 CEST 2015","tl","@crizaramoss","@RJRamoss","followback?","Ily","bae|Ask","RJ","Ramos|hshdhd"
"Thu Apr 02 09:54:38 CEST 2015","et","@napxafi","RT","@Calum5SOS:","Me","and","kuma","http://t.co/8FsPBjltD4"
"Thu Apr 02 09:54:38 CEST 2015","en","@daughterof133","RT","@NotGrahamNilles:","literally","anything","in","English","","#ThingsJesusNeverSaid"
"Thu Apr 02 09:54:39 CEST 2015","et","@Lea_Kidrauhl_xx","RT","@Calum5SOS:","Me","and","kuma","http://t.co/8FsPBjltD4"
"Thu Apr 02 09:54:39 CEST 2015","tl","@xxibpjm","@RJRamoss","May","chance","bang","makapag","bonding","tayo?","üòäüòä","Ask","RJ","Ramos","|","Ask","RJ","Ramos","üíïüíïxo"
"Thu Apr 02 09:54:39 CEST 2015","et","@Rahayu_Cahyanti","RT","@Calum5SOS:","Me","and","kuma","http://t.co/8FsPBjltD4"
"Thu Apr 02 09:54:39 CEST 2015","en","@jhildy_9","RT","@DawnTarantino:","""Yeah,","well","I'm","almost","33,","and","I've","never","seen","my","REAL","dad,","so,","consider","yourself","lucky""","#thingsjesusneversaid"
"Thu Apr 02 09:54:39 CEST 2015","en","@powerbooster_1","RT","@BhayanakPuppy:","Cello","Tape","is","the","best","shade","of","lipstick","for","Nandita","Das.
#NanditaDasQuotes"
"Thu Apr 02 09:54:39 CEST 2015","tl","@AymCHANDRIAx","@RJRamoss","agree","ba","sayo","ang","Larry","?","(","louis","and","harry",")","üòçüòçüòç","||","Ask","RJ","Ramos"
"Thu Apr 02 09:54:39 CEST 2015","tl","@trishallaguno","RT","@RJRamoss:","‚Äú@krunggyyy:","@RJRamoss","Ano","ang","characteristics","ng","Ideal","girl","mo?","üòäüëëüôá","Ask","RJ","Ramos","üíï‚Äù","basta","loyal,","hindi","sinungaling","at","seryos‚Ä¶"
"Thu Apr 02 09:54:39 CEST 2015","et","@FxckingWithHood","RT","@Calum5SOS:","Me","and","kuma","http://t.co/8FsPBjltD4"
"Thu Apr 02 09:54:39 CEST 2015","tl","@QueenJoemzzz","@RJRamoss","Rj,","may","pag-asa","ba","tayo?","Hahaha.","üòÅ","","‚Ä¢","Ask","RJ","Ramos","‚Ä¢","@RJRamoss","x34"
"Thu Apr 02 09:54:39 CEST 2015","en","@KellyBartolini","Love","u
","@pattiemallette","@justinbieber","
#HappyBirthdayPattieMallette","http://t.co/UqJVuezOvA"
"Thu Apr 02 09:54:39 CEST 2015","et","@AraseliMontes","RT","@Calum5SOS:","Me","and","kuma","http://t.co/8FsPBjltD4"
"Thu Apr 02 09:54:39 CEST 2015","et","@KrishHood99","RT","@Calum5SOS:","Me","and","kuma","http://t.co/8FsPBjltD4"
"Thu Apr 02 09:54:39 CEST 2015","en","@MrBlackPower","#ThingsJesusNeverSaid","""In","the","future","I","want","to","be","portrayed","as","a","lowlife","gay","cracker"""
"Thu Apr 02 09:54:39 CEST 2015","et","@aledesiree98","RT","@Calum5SOS:","Me","and","kuma","http://t.co/8FsPBjltD4"
"Thu Apr 02 09:54:39 CEST 2015","in","@bharattomar001","RT","@doctoratlarge:","Every","Kejriwal","promise","is","a","potential","U-turn","#NanditaDasQuotes"
"Thu Apr 02 09:54:40 CEST 2015","en","@gloriatheodora9","happy","bday","mom","<3","#HappyBirthdayPattieMallette"
"Thu Apr 02 09:54:40 CEST 2015","et","@BROMANCEx5","RT","@Calum5SOS:","Me","and","kuma","http://t.co/8FsPBjltD4"
"Thu Apr 02 09:54:40 CEST 2015","en","@bocasflorida","@TTLYTEALA","you're","my","sunshine","&","princess,","please","wish","me","early","happy","birthday","and","follow","me","#talktoteala","üíã"
"Thu Apr 02 09:54:40 CEST 2015","tl","@anuhisdaname","@RJRamoss","Kailan","mo","ba","ako","ifa-followback?","|","Ask","RJ","Ramos","|","x13"
"Thu Apr 02 09:54:40 CEST 2015","en","@holly_bieberr","Happy","B-day","","<3","
@pattiemallette","Loveee","u",":)
#HappyBirthdayPattieMallette"
"Thu Apr 02 09:54:40 CEST 2015","en","@tressia_04","@RJRamoss","FOLLOWBACK","PLEASE","!","'ASK","RJ","RAMOS","'","!","X116"
"Thu Apr 02 09:54:41 CEST 2015","tl","@_alxybt","@RJRamoss","Sino","mahal","mo?","|","Ask","RJ","Ramos","x22"
"Thu Apr 02 09:54:41 CEST 2015","tl","@BienvenutoGela","@RJRamoss","@RJRamoss","""Ask","RJ","RAMOS""","Pwede","ba","akong","sumali","dun","sa","trend","team","mo?","Lajz"
"Thu Apr 02 09:54:41 CEST 2015","en","@TheKrypters","Every","Buzdil","is","a","potential","Kuptan","Of","Pakistan.

#NanditaDasQuotes"
"Thu Apr 02 09:54:41 CEST 2015","et","@ninschiii2000","RT","@Calum5SOS:","Me","and","kuma","http://t.co/8FsPBjltD4"
"Thu Apr 02 09:54:42 CEST 2015","en","@Shahrcasm","Every","Tomorrow","is","a","Potential","Today","&","Every","Today","is","a","Potential","Yesterday","!

#NanditaDasQuotes"
"Thu Apr 02 09:54:42 CEST 2015","en","@Just_Antz","RT","@doctoratlarge:","Every","unhappy","and","frustrated","woman","is","a","potential","feminist","#NanditaDasQuotes"
"Thu Apr 02 09:54:42 CEST 2015","en","@talldorkhemmo","SEE","YOU","IN","A","WEEK","#alfieongrimmy"
"Thu Apr 02 09:54:42 CEST 2015","et","@ahmynialler","RT","@Calum5SOS:","Me","and","kuma","http://t.co/8FsPBjltD4"
"Thu Apr 02 09:54:42 CEST 2015","en","@hugmebrooks_","thanks","for","the","best","idol","in","the","world","üíï
@pattiemallette","#HappyBirthdayPattieMallette","http://t.co/b65mQp581K"
"Thu Apr 02 09:54:42 CEST 2015","et","@smiledarlingxx","RT","@Calum5SOS:","Me","and","kuma","http://t.co/8FsPBjltD4"
"Thu Apr 02 09:54:42 CEST 2015","en","@RiturajP","On","that","bombshell..","#ThingsJesusNeverSaid"
"Thu Apr 02 09:54:42 CEST 2015","et","@japanfreack","RT","@Calum5SOS:","Me","and","kuma","http://t.co/8FsPBjltD4"
"Thu Apr 02 09:54:42 CEST 2015","et","@5sosxbieber_","RT","@Calum5SOS:","Me","and","kuma","http://t.co/8FsPBjltD4"
"Thu Apr 02 09:54:42 CEST 2015","pl","@kidrauhlovely","RT","@shylonx:","Dziƒôki","niej","mamy","takiego","cudownego","anio≈Çka","","#HappyBirthdayPattieMallette"
"Thu Apr 02 09:54:43 CEST 2015","et","@MichelaMoroo","RT","@Calum5SOS:","Me","and","kuma","http://t.co/8FsPBjltD4"
"Thu Apr 02 09:54:43 CEST 2015","en","@puddingncustard","So","I","was","browsing","some","pictures","for","#ThingsJesusNeverSaid","and","I","found","this","http://t.co/aOD2wvaP8a"
"Thu Apr 02 09:54:43 CEST 2015","en","@Waggers27","You","my","friend","are","a","C**T","#ThingsJesusNeverSaid"
"Thu Apr 02 09:54:43 CEST 2015","et","@XAdeleXBandsX","RT","@Calum5SOS:","Me","and","kuma","http://t.co/8FsPBjltD4"
"Thu Apr 02 09:54:43 CEST 2015","en","@_NicholasSmith_","RT","@SamuraiWolfCop:","#ThingsJesusNeverSaid

""Okay,","but","no","butt","stuff"""
"Thu Apr 02 09:54:43 CEST 2015","et","@_You_Make_Me_","RT","@Calum5SOS:","Me","and","kuma","http://t.co/8FsPBjltD4"
"Thu Apr 02 09:54:43 CEST 2015","et","@CarolineS_5SOS","RT","@Calum5SOS:","Me","and","kuma","http://t.co/8FsPBjltD4"
"Thu Apr 02 09:54:43 CEST 2015","et","@only_arizona","RT","@Calum5SOS:","Me","and","kuma","http://t.co/8FsPBjltD4"
"Thu Apr 02 09:54:43 CEST 2015","und","@cybieller","#HappyBirthdayPattieMallette"
"Thu Apr 02 09:54:43 CEST 2015","en","@mandgil","I","love","Easter","eggs
#ThingsJesusNeverSaid"
"Thu Apr 02 09:54:43 CEST 2015","et","@vanessachanx","RT","@Calum5SOS:","Me","and","kuma","http://t.co/8FsPBjltD4"
"Thu Apr 02 09:54:43 CEST 2015","en","@ross1coe","Make","my","Easter","eggs","gooy","inside","GOD","","#ThingsJesusNeverSaid"
"Thu Apr 02 09:54:43 CEST 2015","en","@heartbreakgjrI","@Calum5SOS","baby","i","love","you","but","it's","'kuma","and","i'"
"Thu Apr 02 09:54:43 CEST 2015","en","@LucyWalcott","#ThingsJesusNeverSaid","""Thou","shalt","not","lie","with","a","babe","or","young","child","as","you","would","do","unto","a","concubine","or","spoil","of","war,","it","is","an","abomination"""
"Thu Apr 02 09:54:43 CEST 2015","et","@ashtonsbrocoli","RT","@Calum5SOS:","Me","and","kuma","http://t.co/8FsPBjltD4"
"Thu Apr 02 09:54:43 CEST 2015","en","@TrendieUK","""#alfieongrimmy""","shows","up","as","trending","topic","in","United","Kingdom","at","rank","3"
"Thu Apr 02 09:54:43 CEST 2015","tl","@babyoharakei","@RJRamoss","pwede","ba","kita","ihug","at","ikiss","pag","nagkita","tayo?","üòç‚ò∫Ô∏èüíì","|","Ask","RJ","Ramos"
"Thu Apr 02 09:54:43 CEST 2